{
    "avg_prec": 0.597208313555743,
    "roc_auc": 0.9391133762161417
}