{
    "avg_prec": 0.5001939711269949,
    "roc_auc": 0.9054830832688046
}