{
    "avg_prec": 0.5296553165151934,
    "roc_auc": 0.9207581670282827
}